tanggal,rainfall_mm,rainfall_lag1,rainfall_lag2,rainfall_3day,rainfall_7day,rainfall_30day,rain_intensity,tide_max_m,tide_mean_m,tide_range_m,water_level_cm,month,day_of_year,is_wet_season,flood_risk,flood_binary
2025-01-01,0.0,0.0,0.0,0.0,0.0,0.0,0,0.982,0.491,1.046,108.5,1,1,1,0,0
2025-01-02,5.1,0.0,0.0,5.1,5.1,5.1,2,1.021,0.511,1.115,113.9,1,2,1,0,0
2025-01-03,45.6,5.1,0.0,50.7,50.7,50.7,3,1.035,0.517,1.162,162.3,1,3,1,1,0
2025-01-04,22.8,45.6,5.1,73.5,73.5,73.5,3,1.052,0.526,1.186,166.9,1,4,1,1,0
2025-01-05,0.0,22.8,45.6,68.4,73.5,73.5,0,1.017,0.508,1.087,149.8,1,5,1,1,0
2025-01-06,0.0,0.0,22.8,22.8,73.5,73.5,0,1.064,0.532,1.162,126.6,1,6,1,0,0
2025-01-07,2.0,0.0,0.0,2.0,75.5,75.5,1,0.847,0.423,0.935,116.0,1,7,1,0,0
2025-01-08,1.0,2.0,0.0,3.0,76.5,76.5,1,0.775,0.388,0.876,119.5,1,8,1,0,0
2025-01-09,0.0,1.0,2.0,3.0,71.4,76.5,0,0.645,0.323,0.739,109.1,1,9,1,0,0
2025-01-10,0.0,0.0,1.0,1.0,25.8,76.5,0,0.665,0.332,0.728,106.5,1,10,1,0,0
2025-01-11,0.0,0.0,0.0,0.0,3.0,76.5,0,0.653,0.326,0.763,97.6,1,11,1,0,0
2025-01-12,0.0,0.0,0.0,0.0,3.0,76.5,0,0.61,0.305,0.729,95.5,1,12,1,0,0
2025-01-13,0.0,0.0,0.0,0.0,3.0,76.5,0,0.675,0.337,0.76,101.9,1,13,1,0,0
2025-01-14,0.0,0.0,0.0,0.0,1.0,76.5,0,0.733,0.367,0.797,104.4,1,14,1,0,0
2025-01-15,0.0,0.0,0.0,0.0,0.0,76.5,0,0.878,0.439,0.943,111.5,1,15,1,0,0
2025-01-16,59.6,0.0,0.0,59.6,59.6,136.1,4,0.889,0.445,1.033,162.4,1,16,1,1,0
2025-01-17,1.1,59.6,0.0,60.7,60.7,137.2,1,1.05,0.525,1.079,152.4,1,17,1,1,0
2025-01-18,0.0,1.1,59.6,60.7,60.7,137.2,0,1.038,0.519,1.078,139.5,1,18,1,1,0
2025-01-19,3.8,0.0,1.1,4.9,64.5,141.0,1,1.068,0.534,1.198,120.5,1,19,1,0,0
2025-01-20,12.1,3.8,0.0,15.9,76.6,153.1,2,0.975,0.488,1.078,133.4,1,20,1,0,0
2025-01-21,58.3,12.1,3.8,74.2,134.9,211.4,4,0.989,0.494,1.121,178.2,1,21,1,2,1
2025-01-22,47.2,58.3,12.1,117.6,182.1,258.6,3,0.922,0.461,1.008,204.7,1,22,1,2,1
2025-01-23,8.2,47.2,58.3,113.7,130.7,266.8,2,0.794,0.397,0.924,170.1,1,23,1,1,0
2025-01-24,1.5,8.2,47.2,56.9,131.1,268.3,1,0.712,0.356,0.856,141.8,1,24,1,0,0
2025-01-25,0.0,1.5,8.2,9.7,131.1,268.3,0,0.609,0.304,0.724,120.0,1,25,1,0,0
2025-01-26,0.0,0.0,1.5,1.5,127.3,268.3,0,0.59,0.295,0.689,123.1,1,26,1,0,0
2025-01-27,26.5,0.0,0.0,26.5,141.7,294.8,3,0.662,0.331,0.747,141.7,1,27,1,0,0
2025-01-28,3.4,26.5,0.0,29.9,86.8,298.2,1,0.642,0.321,0.706,129.7,1,28,1,0,0
2025-01-29,0.0,3.4,26.5,29.9,39.6,298.2,0,0.83,0.415,0.939,127.8,1,29,1,0,0
2025-01-30,4.9,0.0,3.4,8.3,36.3,303.1,1,0.806,0.403,0.937,111.6,1,30,1,0,0
2025-01-31,13.6,4.9,0.0,18.5,48.4,316.7,2,0.976,0.488,1.065,135.1,1,31,1,0,0
2025-02-01,0.0,13.6,4.9,18.5,48.4,311.6,0,1.131,0.565,1.266,130.3,2,32,1,0,0
2025-02-02,0.2,0.0,13.6,13.8,48.6,266.2,1,1.075,0.537,1.187,125.2,2,33,1,0,0
2025-02-03,0.5,0.2,0.0,0.8,22.6,244.0,1,1.06,0.53,1.192,117.9,2,34,1,0,0
2025-02-04,0.0,0.5,0.2,0.8,19.2,244.0,0,1.063,0.532,1.209,118.1,2,35,1,0,0
2025-02-05,0.0,0.0,0.5,0.5,19.2,243.9,0,0.889,0.444,0.934,103.7,2,36,1,0,0
2025-02-06,0.0,0.0,0.0,0.0,14.4,242.0,0,0.89,0.445,1.016,106.4,2,37,1,0,0
2025-02-07,0.4,0.0,0.0,0.4,1.2,241.4,1,0.761,0.38,0.897,102.4,2,38,1,0,0
2025-02-08,0.0,0.4,0.0,0.4,1.2,241.4,0,0.691,0.345,0.775,88.9,2,39,1,0,0
2025-02-09,0.0,0.0,0.4,0.4,0.9,241.4,0,0.676,0.338,0.785,102.9,2,40,1,0,0
2025-02-10,1.0,0.0,0.0,1.0,1.4,242.4,1,0.765,0.382,0.869,108.7,2,41,1,0,0
2025-02-11,0.5,1.0,0.0,1.5,1.9,242.8,1,0.696,0.348,0.774,99.2,2,42,1,0,0
2025-02-12,0.0,0.5,1.0,1.5,1.9,242.8,0,0.749,0.375,0.856,106.4,2,43,1,0,0
2025-02-13,0.0,0.0,0.5,0.5,1.9,242.8,0,0.77,0.385,0.853,101.9,2,44,1,0,0
2025-02-14,4.5,0.0,0.0,4.5,6.0,247.4,1,0.89,0.445,1.02,111.9,2,45,1,0,0
2025-02-15,0.0,4.5,0.0,4.5,6.0,187.8,0,0.913,0.457,0.965,108.1,2,46,1,0,0
2025-02-16,0.0,0.0,4.5,4.5,6.0,186.6,0,1.001,0.501,1.103,111.9,2,47,1,0,0
2025-02-17,0.0,0.0,0.0,0.0,5.0,186.6,0,1.07,0.535,1.137,117.8,2,48,1,0,0
2025-02-18,18.5,0.0,0.0,18.5,23.0,201.4,2,1.185,0.593,1.292,132.3,2,49,1,0,0
2025-02-19,8.6,18.5,0.0,27.1,31.6,197.8,2,0.963,0.482,1.075,130.3,2,50,1,0,0
2025-02-20,4.3,8.6,18.5,31.4,35.9,143.8,1,0.934,0.467,1.004,128.0,2,51,1,0,0
2025-02-21,0.0,4.3,8.6,12.9,31.4,96.6,0,0.838,0.419,0.941,113.0,2,52,1,0,0
2025-02-22,0.0,0.0,4.3,4.3,31.4,88.4,0,0.678,0.339,0.779,106.0,2,53,1,0,0
2025-02-23,0.0,0.0,0.0,0.0,31.4,86.9,0,0.616,0.308,0.749,103.4,2,54,1,0,0
2025-02-24,5.3,0.0,0.0,5.3,36.7,92.2,2,0.667,0.333,0.781,112.7,2,55,1,0,0
2025-02-25,2.4,5.3,0.0,7.7,20.6,94.6,1,0.605,0.302,0.725,104.9,2,56,1,0,0
2025-02-26,0.0,2.4,5.3,7.7,12.0,68.2,0,0.696,0.348,0.81,105.2,2,57,1,0,0
2025-02-27,4.1,0.0,2.4,6.5,11.8,68.8,1,0.715,0.358,0.81,107.9,2,58,1,0,0
2025-02-28,0.2,4.1,0.0,4.3,12.0,69.0,1,0.836,0.418,1.015,107.0,2,59,1,0,0
2025-03-01,2.8,0.2,4.1,7.1,14.8,67.0,1,0.976,0.488,1.092,115.9,3,60,1,0,0
2025-03-02,0.0,2.8,0.2,3.0,14.8,53.4,0,0.989,0.494,1.046,114.0,3,61,1,0,0
2025-03-03,0.0,0.0,2.8,2.8,9.5,53.4,0,1.06,0.53,1.197,112.5,3,62,1,0,0
2025-03-04,0.0,0.0,0.0,0.0,7.1,53.1,0,1.036,0.518,1.129,113.7,3,63,1,0,0
2025-03-05,0.0,0.0,0.0,0.0,7.1,52.6,0,1.053,0.527,1.151,107.2,3,64,1,0,0
2025-03-06,0.0,0.0,0.0,0.0,3.0,52.6,0,1.023,0.512,1.128,110.7,3,65,1,0,0
2025-03-07,6.2,0.0,0.0,6.2,9.0,58.8,2,1.007,0.504,1.102,115.6,3,66,1,0,0
2025-03-08,0.0,6.2,0.0,6.2,6.2,58.8,0,0.86,0.43,0.973,114.4,3,67,1,0,0
2025-03-09,40.0,0.0,6.2,46.2,46.2,98.4,3,0.697,0.348,0.792,146.8,3,68,1,0,0
2025-03-10,16.4,40.0,0.0,56.4,62.6,114.8,2,0.681,0.341,0.721,146.3,3,69,1,0,0
2025-03-11,14.5,16.4,40.0,70.9,77.1,129.3,2,0.638,0.319,0.76,140.5,3,70,1,0,0
2025-03-12,0.0,14.5,16.4,30.9,77.1,128.3,0,0.688,0.344,0.809,123.8,3,71,1,0,0
2025-03-13,0.0,0.0,14.5,14.5,77.1,127.8,0,0.738,0.369,0.844,118.0,3,72,1,0,0
2025-03-14,19.5,0.0,0.0,19.5,90.4,147.3,2,0.847,0.424,0.956,134.8,3,73,1,0,0
2025-03-15,0.0,19.5,0.0,19.5,90.4,147.3,0,0.928,0.464,1.032,133.0,3,74,1,0,0
2025-03-16,2.0,0.0,19.5,21.5,52.4,144.8,1,0.987,0.493,1.112,126.0,3,75,1,0,0
2025-03-17,0.2,2.0,0.0,2.2,36.2,145.0,1,0.963,0.482,1.06,115.4,3,76,1,0,0
2025-03-18,25.8,0.2,2.0,28.0,47.5,170.8,3,1.114,0.557,1.259,135.5,3,77,1,0,0
2025-03-19,11.0,25.8,0.2,37.0,58.5,181.8,2,1.033,0.517,1.182,136.9,3,78,1,0,0
2025-03-20,0.4,11.0,25.8,37.2,58.9,163.7,1,0.854,0.427,0.993,124.3,3,79,1,0,0
2025-03-21,0.0,0.4,11.0,11.4,39.4,155.1,0,0.887,0.443,1.033,113.8,3,80,1,0,0
2025-03-22,2.0,0.0,0.4,2.4,41.4,152.8,1,0.814,0.407,1.017,111.5,3,81,1,0,0
2025-03-23,6.7,2.0,0.0,8.7,46.1,159.5,2,0.845,0.422,0.933,122.0,3,82,1,0,0
2025-03-24,1.8,6.7,2.0,10.5,47.7,161.3,1,0.698,0.349,0.825,108.0,3,83,1,0,0
2025-03-25,1.6,1.8,6.7,10.1,23.5,162.9,1,0.726,0.363,0.796,107.7,3,84,1,0,0
2025-03-26,0.0,1.6,1.8,3.4,12.5,157.6,0,0.692,0.346,0.773,101.1,3,85,1,0,0
2025-03-27,0.0,0.0,1.6,1.6,12.1,155.2,0,0.606,0.303,0.671,106.2,3,86,1,0,0
2025-03-28,6.0,0.0,0.0,6.0,18.1,161.2,2,0.648,0.324,0.769,99.3,3,87,1,0,0
2025-03-29,1.2,6.0,0.0,7.2,17.3,158.3,1,0.807,0.404,0.921,111.3,3,88,1,0,0
2025-03-30,0.0,1.2,6.0,7.2,10.6,158.1,0,0.87,0.435,1.016,106.3,3,89,1,0,0
2025-03-31,5.9,0.0,1.2,7.1,14.7,161.2,2,0.995,0.497,1.108,117.3,3,90,1,0,0
2025-04-01,15.0,5.9,0.0,20.9,28.1,176.2,2,1.009,0.505,1.104,128.9,4,91,1,0,0
2025-04-02,29.0,15.0,5.9,49.9,57.1,205.2,3,1.074,0.537,1.175,153.8,4,92,1,1,0
2025-04-03,0.0,29.0,15.0,44.0,57.1,205.2,0,1.064,0.532,1.19,140.3,4,93,1,0,0
2025-04-04,48.7,0.0,29.0,77.7,99.8,253.9,3,1.019,0.509,1.142,172.7,4,94,1,1,0
2025-04-05,0.0,48.7,0.0,48.7,98.6,253.9,0,0.948,0.474,1.036,148.8,4,95,1,0,0
2025-04-06,2.0,0.0,48.7,50.7,100.6,249.7,1,0.864,0.432,0.906,135.7,4,96,1,1,0
2025-04-07,0.0,2.0,0.0,2.0,94.7,249.7,0,0.713,0.357,0.804,112.9,4,97,1,0,0
2025-04-08,0.0,0.0,2.0,2.0,79.7,209.7,0,0.743,0.372,0.875,111.7,4,98,1,0,0
2025-04-09,0.8,0.0,0.0,0.8,51.5,194.1,1,0.606,0.303,0.668,108.9,4,99,1,0,0
2025-04-10,0.0,0.8,0.0,0.8,51.5,179.6,0,0.688,0.344,0.833,110.4,4,100,1,0,0
2025-04-11,3.0,0.0,0.8,3.8,5.8,182.6,1,0.648,0.324,0.8,94.7,4,101,1,0,0
2025-04-12,0.0,3.0,0.0,3.0,5.8,182.6,0,0.712,0.356,0.827,104.1,4,102,1,0,0
2025-04-13,0.0,0.0,3.0,3.0,3.8,163.1,0,0.803,0.402,0.897,100.9,4,103,1,0,0
2025-04-14,0.0,0.0,0.0,0.0,3.8,163.1,0,0.857,0.429,0.9,105.4,4,104,1,0,0
2025-04-15,0.0,0.0,0.0,0.0,3.8,161.1,0,0.9,0.45,0.992,106.4,4,105,1,0,0
2025-04-16,0.0,0.0,0.0,0.0,3.0,160.9,0,1.039,0.519,1.12,113.7,4,106,1,0,0
2025-04-17,9.2,0.0,0.0,9.2,12.2,144.3,2,0.951,0.476,1.003,118.8,4,107,1,0,0
2025-04-18,1.5,9.2,0.0,10.7,10.7,134.8,1,1.019,0.51,1.117,116.1,4,108,1,0,0
2025-04-19,10.6,1.5,9.2,21.3,21.3,145.0,2,1.023,0.512,1.139,125.5,4,109,1,0,0
2025-04-20,77.1,10.6,1.5,89.2,98.4,222.1,4,0.971,0.486,1.071,192.6,4,110,1,2,1
2025-04-21,0.0,77.1,10.6,87.7,98.4,220.1,0,0.911,0.456,1.059,169.9,4,111,1,1,0
2025-04-22,0.0,0.0,77.1,77.1,98.4,213.4,0,0.752,0.376,0.836,141.9,4,112,1,0,0
2025-04-23,6.8,0.0,0.0,6.8,105.2,218.4,2,0.751,0.376,0.86,125.0,4,113,1,0,0
2025-04-24,0.0,6.8,0.0,6.8,96.0,216.8,0,0.633,0.316,0.728,115.6,4,114,1,0,0
2025-04-25,0.0,0.0,6.8,6.8,94.5,216.8,0,0.633,0.317,0.737,119.2,4,115,1,0,0
2025-04-26,5.5,0.0,0.0,5.5,89.4,222.3,2,0.619,0.309,0.68,114.7,4,116,1,0,0
2025-04-27,0.0,5.5,0.0,5.5,12.3,216.3,0,0.731,0.365,0.843,111.8,4,117,1,0,0
2025-04-28,0.0,0.0,5.5,5.5,12.3,215.1,0,0.866,0.433,0.983,111.8,4,118,1,0,0
2025-04-29,0.0,0.0,0.0,0.0,12.3,215.1,0,0.904,0.452,0.982,110.6,4,119,1,0,0
2025-04-30,0.0,0.0,0.0,0.0,5.5,209.2,0,1.005,0.502,1.095,109.5,4,120,1,0,0
2025-05-01,0.0,0.0,0.0,0.0,5.5,194.2,0,1.036,0.518,1.165,111.9,5,121,0,0,0
2025-05-02,0.0,0.0,0.0,0.0,5.5,165.2,0,1.059,0.529,1.162,112.2,5,122,0,0,0
2025-05-03,0.0,0.0,0.0,0.0,0.0,165.2,0,0.942,0.471,1.003,108.0,5,123,0,0,0
2025-05-04,0.0,0.0,0.0,0.0,0.0,116.5,0,0.988,0.494,1.096,109.7,5,124,0,0,0
2025-05-05,0.0,0.0,0.0,0.0,0.0,116.5,0,0.892,0.446,0.974,105.3,5,125,0,0,0
2025-05-06,0.0,0.0,0.0,0.0,0.0,114.5,0,0.834,0.417,0.918,107.3,5,126,0,0,0
2025-05-07,0.0,0.0,0.0,0.0,0.0,114.5,0,0.649,0.324,0.72,101.1,5,127,0,0,0
2025-05-08,0.5,0.0,0.0,0.5,0.5,115.0,1,0.65,0.325,0.736,98.1,5,128,0,0,0
2025-05-09,47.8,0.5,0.0,48.3,48.3,162.0,3,0.619,0.309,0.737,137.5,5,129,0,0,0
2025-05-10,28.0,47.8,0.5,76.3,76.3,190.0,3,0.645,0.322,0.819,158.8,5,130,0,1,0
2025-05-11,4.9,28.0,47.8,80.7,81.2,191.9,1,0.729,0.365,0.812,148.0,5,131,0,0,0
2025-05-12,14.5,4.9,28.0,47.4,95.7,206.4,2,0.8,0.4,0.888,135.7,5,132,0,0,0
2025-05-13,0.3,14.5,4.9,19.7,96.0,206.7,1,0.86,0.43,0.95,125.9,5,133,0,0,0
2025-05-14,52.8,0.3,14.5,67.6,148.8,259.5,4,0.85,0.425,0.946,171.7,5,134,0,2,1
2025-05-15,5.5,52.8,0.3,58.6,153.8,265.0,2,0.982,0.491,1.117,162.9,5,135,0,2,1
2025-05-16,5.8,5.5,52.8,64.1,111.8,270.8,2,1.012,0.506,1.117,149.4,5,136,0,1,0
2025-05-17,6.1,5.8,5.5,17.4,89.9,267.7,2,1.005,0.502,1.128,134.0,5,137,0,0,0
2025-05-18,26.3,6.1,5.8,38.2,111.3,292.5,3,0.956,0.478,1.039,152.2,5,138,0,0,0
2025-05-19,4.1,26.3,6.1,36.5,100.9,286.0,1,0.88,0.44,0.957,145.0,5,139,0,0,0
2025-05-20,1.2,4.1,26.3,31.6,101.8,210.1,1,0.84,0.42,0.978,130.8,5,140,0,0,0
2025-05-21,0.0,1.2,4.1,5.3,49.0,210.1,0,0.769,0.385,0.849,118.8,5,141,0,0,0
2025-05-22,0.0,0.0,1.2,1.2,43.5,210.1,0,0.751,0.375,0.882,111.3,5,142,0,0,0
2025-05-23,0.0,0.0,0.0,0.0,37.7,203.3,0,0.708,0.354,0.817,101.3,5,143,0,0,0
2025-05-24,73.2,0.0,0.0,73.2,104.8,276.5,4,0.685,0.342,0.762,174.8,5,144,0,1,0
2025-05-25,0.2,73.2,0.0,73.4,78.7,276.7,1,0.562,0.281,0.648,145.2,5,145,0,0,0
2025-05-26,0.0,0.2,73.2,73.4,74.6,271.2,0,0.744,0.372,0.847,134.0,5,146,0,0,0
2025-05-27,5.6,0.0,0.2,5.8,79.0,276.8,2,0.847,0.423,0.964,119.1,5,147,0,0,0
2025-05-28,9.2,5.6,0.0,14.8,88.2,286.0,2,0.864,0.432,0.93,123.9,5,148,0,0,0
2025-05-29,0.0,9.2,5.6,14.8,88.2,286.0,0,0.982,0.491,1.107,125.5,5,149,0,0,0
2025-05-30,0.4,0.0,9.2,9.6,88.6,286.4,1,0.924,0.462,1.056,127.1,5,150,0,0,0
2025-05-31,0.0,0.4,0.0,0.4,15.4,286.4,0,1.033,0.517,1.137,114.6,5,151,0,0,0
2025-06-01,9.1,0.0,0.4,9.5,24.3,295.5,2,1.037,0.519,1.101,122.7,6,152,0,0,0
2025-06-02,1.7,9.1,0.0,10.8,26.0,297.2,1,1.102,0.551,1.209,123.1,6,153,0,0,0
2025-06-03,0.0,1.7,9.1,10.8,20.4,297.2,0,0.86,0.43,0.961,112.1,6,154,0,0,0
2025-06-04,0.0,0.0,1.7,1.7,11.2,297.2,0,0.816,0.408,0.883,102.9,6,155,0,0,0
2025-06-05,0.0,0.0,0.0,0.0,11.2,297.2,0,0.715,0.358,0.853,103.2,6,156,0,0,0
2025-06-06,0.0,0.0,0.0,0.0,10.8,297.2,0,0.762,0.381,0.878,105.2,6,157,0,0,0
2025-06-07,0.0,0.0,0.0,0.0,10.8,296.7,0,0.677,0.339,0.801,98.8,6,158,0,0,0
2025-06-08,3.0,0.0,0.0,3.0,4.7,251.9,1,0.592,0.296,0.734,98.1,6,159,0,0,0
2025-06-09,5.0,3.0,0.0,8.0,8.0,228.9,2,0.575,0.288,0.666,105.9,6,160,0,0,0
2025-06-10,1.6,5.0,3.0,9.6,9.6,225.6,1,0.715,0.358,0.792,110.2,6,161,0,0,0
2025-06-11,2.9,1.6,5.0,9.5,12.5,214.0,1,0.802,0.401,0.883,108.1,6,162,0,0,0
2025-06-12,0.0,2.9,1.6,4.5,12.5,213.7,0,0.898,0.449,1.005,111.3,6,163,0,0,0
2025-06-13,4.3,0.0,2.9,7.2,16.8,165.2,1,1.051,0.525,1.164,117.1,6,164,0,0,0
2025-06-14,19.6,4.3,0.0,23.9,36.4,179.3,2,1.03,0.515,1.079,131.6,6,165,0,0,0
2025-06-15,16.9,19.6,4.3,40.8,50.3,190.4,2,1.09,0.545,1.226,142.0,6,166,0,0,0
2025-06-16,20.0,16.9,19.6,56.5,65.3,204.3,3,1.081,0.54,1.158,156.9,6,167,0,1,0
2025-06-17,0.5,20.0,16.9,37.4,64.2,178.5,1,0.908,0.454,1.02,131.0,6,168,0,0,0
2025-06-18,1.6,0.5,20.0,22.1,62.9,176.0,1,0.942,0.471,1.037,128.3,6,169,0,0,0
2025-06-19,0.0,1.6,0.5,2.1,62.9,174.8,0,0.801,0.401,0.915,115.1,6,170,0,0,0
2025-06-20,0.0,0.0,1.6,1.6,58.6,174.8,0,0.852,0.426,0.97,114.6,6,171,0,0,0
2025-06-21,0.5,0.0,0.0,0.5,39.5,175.3,1,0.655,0.328,0.699,105.3,6,172,0,0,0
2025-06-22,0.0,0.5,0.0,0.5,22.6,175.3,0,0.683,0.342,0.754,103.6,6,173,0,0,0
2025-06-23,7.2,0.0,0.5,7.7,9.8,109.3,2,0.683,0.342,0.774,105.7,6,174,0,0,0
2025-06-24,1.0,7.2,0.0,8.2,10.3,110.1,1,0.74,0.37,0.836,107.4,6,175,0,0,0
2025-06-25,0.0,1.0,7.2,8.2,8.7,110.1,0,0.77,0.385,0.904,106.2,6,176,0,0,0
2025-06-26,0.0,0.0,1.0,1.0,8.7,104.5,0,0.782,0.391,0.889,107.4,6,177,0,0,0
2025-06-27,0.0,0.0,0.0,0.0,8.7,95.3,0,0.887,0.443,0.991,110.6,6,178,0,0,0
2025-06-28,1.0,0.0,0.0,1.0,9.2,96.3,1,1.079,0.539,1.16,114.8,6,179,0,0,0
2025-06-29,0.5,1.0,0.0,1.5,9.7,96.4,1,1.022,0.511,1.165,112.2,6,180,0,0,0
2025-06-30,0.0,0.5,1.0,1.5,2.5,96.4,0,1.041,0.521,1.11,110.6,6,181,0,0,0
2025-07-01,0.0,0.0,0.5,0.5,1.5,87.3,0,1.068,0.534,1.166,114.5,7,182,0,0,0
2025-07-02,0.0,0.0,0.0,0.0,1.5,85.6,0,1.027,0.513,1.141,114.0,7,183,0,0,0
2025-07-03,10.0,0.0,0.0,10.0,11.5,95.6,2,0.898,0.449,1.044,116.7,7,184,0,0,0
2025-07-04,5.0,10.0,0.0,15.0,16.5,100.6,2,0.8,0.4,0.921,111.8,7,185,0,0,0
2025-07-05,0.0,5.0,10.0,15.0,15.5,100.6,0,0.757,0.378,0.825,110.8,7,186,0,0,0
2025-07-06,4.0,0.0,5.0,9.0,19.0,104.6,1,0.702,0.351,0.772,108.9,7,187,0,0,0
2025-07-07,8.8,4.0,0.0,12.8,27.8,113.4,2,0.615,0.307,0.69,111.4,7,188,0,0,0
2025-07-08,0.0,8.8,4.0,12.8,27.8,110.4,0,0.736,0.368,0.825,109.8,7,189,0,0,0
2025-07-09,0.0,0.0,8.8,8.8,27.8,105.4,0,0.674,0.337,0.756,109.5,7,190,0,0,0
2025-07-10,0.0,0.0,0.0,0.0,17.8,103.8,0,0.784,0.392,0.928,105.9,7,191,0,0,0
2025-07-11,0.0,0.0,0.0,0.0,12.8,100.9,0,0.877,0.438,0.992,105.8,7,192,0,0,0
2025-07-12,0.0,0.0,0.0,0.0,12.8,100.9,0,0.954,0.477,1.05,110.2,7,193,0,0,0
2025-07-13,0.3,0.0,0.0,0.3,9.1,96.9,1,1.053,0.526,1.156,113.7,7,194,0,0,0
2025-07-14,0.2,0.3,0.0,0.4,0.4,77.4,1,1.04,0.52,1.114,112.6,7,195,0,0,0
2025-07-15,0.0,0.2,0.3,0.4,0.4,60.6,0,1.084,0.542,1.158,112.5,7,196,0,0,0
2025-07-16,0.0,0.0,0.2,0.2,0.4,40.6,0,0.955,0.478,1.05,107.4,7,197,0,0,0
2025-07-17,0.0,0.0,0.0,0.0,0.4,40.0,0,1.041,0.521,1.148,113.9,7,198,0,0,0
2025-07-18,0.0,0.0,0.0,0.0,0.4,38.4,0,0.868,0.434,0.938,106.1,7,199,0,0,0
2025-07-19,0.0,0.0,0.0,0.0,0.4,38.4,0,0.822,0.411,0.89,103.8,7,200,0,0,0
2025-07-20,0.0,0.0,0.0,0.0,0.2,38.4,0,0.725,0.362,0.818,102.5,7,201,0,0,0
2025-07-21,0.0,0.0,0.0,0.0,0.0,38.0,0,0.689,0.344,0.742,104.6,7,202,0,0,0
2025-07-22,0.0,0.0,0.0,0.0,0.0,38.0,0,0.611,0.306,0.732,94.1,7,203,0,0,0
2025-07-23,0.0,0.0,0.0,0.0,0.0,30.8,0,0.684,0.342,0.841,99.9,7,204,0,0,0
2025-07-24,2.7,0.0,0.0,2.7,2.7,32.4,1,0.759,0.379,0.881,106.5,7,205,0,0,0
2025-07-25,0.0,2.7,0.0,2.7,2.7,32.4,0,0.776,0.388,0.894,97.5,7,206,0,0,0
2025-07-26,0.0,0.0,2.7,2.7,2.7,32.4,0,0.799,0.399,0.884,104.5,7,207,0,0,0
2025-07-27,0.0,0.0,0.0,0.0,2.7,32.4,0,0.927,0.464,1.008,111.2,7,208,0,0,0
2025-07-28,0.0,0.0,0.0,0.0,2.7,31.4,0,1.006,0.503,1.117,111.4,7,209,0,0,0
2025-07-29,0.0,0.0,0.0,0.0,2.7,31.0,0,1.025,0.512,1.133,107.5,7,210,0,0,0
2025-07-30,0.0,0.0,0.0,0.0,2.7,31.0,0,1.059,0.53,1.152,119.9,7,211,0,0,0
2025-07-31,0.0,0.0,0.0,0.0,0.0,31.0,0,0.967,0.483,1.061,109.0,7,212,0,0,0
2025-08-01,0.0,0.0,0.0,0.0,0.0,31.0,0,0.96,0.48,1.123,105.2,8,213,0,0,0
2025-08-02,0.0,0.0,0.0,0.0,0.0,21.0,0,0.808,0.404,0.987,102.9,8,214,0,0,0
2025-08-03,0.0,0.0,0.0,0.0,0.0,16.0,0,0.742,0.371,0.88,96.0,8,215,0,0,0
2025-08-04,0.0,0.0,0.0,0.0,0.0,16.0,0,0.672,0.336,0.764,97.2,8,216,0,0,0
2025-08-05,0.0,0.0,0.0,0.0,0.0,12.0,0,0.585,0.292,0.7,98.9,8,217,0,0,0
2025-08-06,0.0,0.0,0.0,0.0,0.0,3.2,0,0.513,0.256,0.639,92.3,8,218,0,0,0
2025-08-07,0.0,0.0,0.0,0.0,0.0,3.2,0,0.615,0.307,0.693,94.3,8,219,0,0,0
2025-08-08,0.0,0.0,0.0,0.0,0.0,3.2,0,0.686,0.343,0.715,105.2,8,220,0,0,0
2025-08-09,0.0,0.0,0.0,0.0,0.0,3.2,0,0.805,0.402,0.915,100.7,8,221,0,0,0
2025-08-10,0.0,0.0,0.0,0.0,0.0,3.2,0,0.889,0.445,0.994,111.1,8,222,0,0,0
2025-08-11,0.0,0.0,0.0,0.0,0.0,3.2,0,0.947,0.474,1.081,103.8,8,223,0,0,0
2025-08-12,0.0,0.0,0.0,0.0,0.0,2.8,0,1.0,0.5,1.055,111.1,8,224,0,0,0
2025-08-13,0.0,0.0,0.0,0.0,0.0,2.7,0,1.088,0.544,1.181,117.0,8,225,0,0,0
2025-08-14,0.0,0.0,0.0,0.0,0.0,2.7,0,1.006,0.503,1.183,110.0,8,226,0,0,0
2025-08-15,0.0,0.0,0.0,0.0,0.0,2.7,0,1.059,0.53,1.162,116.6,8,227,0,0,0
2025-08-16,0.0,0.0,0.0,0.0,0.0,2.7,0,0.94,0.47,1.031,105.2,8,228,0,0,0
2025-08-17,0.0,0.0,0.0,0.0,0.0,2.7,0,0.788,0.394,0.891,97.8,8,229,0,0,0
2025-08-18,0.0,0.0,0.0,0.0,0.0,2.7,0,0.751,0.375,0.856,101.4,8,230,0,0,0
2025-08-19,2.2,0.0,0.0,2.2,2.2,4.9,1,0.643,0.321,0.774,99.2,8,231,0,0,0
2025-08-20,35.1,2.2,0.0,37.3,37.3,40.0,3,0.847,0.423,0.891,139.1,8,232,0,0,0
2025-08-21,0.0,35.1,2.2,37.3,37.3,40.0,0,0.633,0.316,0.747,127.0,8,233,0,0,0
2025-08-22,0.0,0.0,35.1,35.1,37.3,40.0,0,0.673,0.336,0.773,110.6,8,234,0,0,0
2025-08-23,0.0,0.0,0.0,0.0,37.3,37.3,0,0.709,0.354,0.826,102.3,8,235,0,0,0
2025-08-24,0.0,0.0,0.0,0.0,37.3,37.3,0,0.849,0.424,0.954,106.3,8,236,0,0,0
2025-08-25,0.0,0.0,0.0,0.0,37.3,37.3,0,0.965,0.483,1.065,116.4,8,237,0,0,0
2025-08-26,0.0,0.0,0.0,0.0,35.1,37.3,0,0.96,0.48,1.001,109.7,8,238,0,0,0
2025-08-27,0.0,0.0,0.0,0.0,0.0,37.3,0,1.073,0.537,1.227,108.8,8,239,0,0,0
2025-08-28,0.0,0.0,0.0,0.0,0.0,37.3,0,1.068,0.534,1.134,114.8,8,240,0,0,0
2025-08-29,0.0,0.0,0.0,0.0,0.0,37.3,0,1.005,0.503,1.159,108.6,8,241,0,0,0
2025-08-30,0.0,0.0,0.0,0.0,0.0,37.3,0,1.001,0.501,1.131,106.6,8,242,0,0,0
2025-08-31,0.0,0.0,0.0,0.0,0.0,37.3,0,0.86,0.43,0.883,106.6,8,243,0,0,0
2025-09-01,0.0,0.0,0.0,0.0,0.0,37.3,0,0.901,0.45,0.991,113.3,9,244,0,0,0
2025-09-02,0.0,0.0,0.0,0.0,0.0,37.3,0,0.759,0.38,0.857,101.5,9,245,0,0,0
2025-09-03,0.0,0.0,0.0,0.0,0.0,37.3,0,0.542,0.271,0.659,104.5,9,246,0,0,0
2025-09-04,0.0,0.0,0.0,0.0,0.0,37.3,0,0.655,0.328,0.732,102.2,9,247,0,0,0
2025-09-05,0.0,0.0,0.0,0.0,0.0,37.3,0,0.713,0.356,0.828,104.7,9,248,0,0,0
2025-09-06,0.0,0.0,0.0,0.0,0.0,37.3,0,0.707,0.353,0.792,99.5,9,249,0,0,0
2025-09-07,0.0,0.0,0.0,0.0,0.0,37.3,0,0.741,0.37,0.807,105.8,9,250,0,0,0
2025-09-08,0.0,0.0,0.0,0.0,0.0,37.3,0,0.782,0.391,0.897,100.9,9,251,0,0,0
2025-09-09,0.0,0.0,0.0,0.0,0.0,37.3,0,0.973,0.486,1.036,104.8,9,252,0,0,0
2025-09-10,1.0,0.0,0.0,1.0,1.0,38.3,1,0.992,0.496,1.118,109.5,9,253,0,0,0
2025-09-11,14.2,1.0,0.0,15.2,15.2,52.5,2,1.091,0.545,1.163,126.5,9,254,0,0,0
2025-09-12,0.0,14.2,1.0,15.2,15.2,52.5,0,1.099,0.55,1.244,124.1,9,255,0,0,0
2025-09-13,0.0,0.0,14.2,14.2,15.2,52.5,0,1.064,0.532,1.173,118.9,9,256,0,0,0
2025-09-14,0.0,0.0,0.0,0.0,15.2,52.5,0,0.98,0.49,1.066,110.2,9,257,0,0,0
2025-09-15,0.0,0.0,0.0,0.0,15.2,52.5,0,0.862,0.431,0.978,108.0,9,258,0,0,0
2025-09-16,0.0,0.0,0.0,0.0,15.2,52.5,0,0.735,0.368,0.871,107.2,9,259,0,0,0
2025-09-17,0.0,0.0,0.0,0.0,14.2,52.5,0,0.788,0.394,0.881,107.1,9,260,0,0,0
2025-09-18,0.0,0.0,0.0,0.0,0.0,50.3,0,0.743,0.371,0.839,101.3,9,261,0,0,0
2025-09-19,0.0,0.0,0.0,0.0,0.0,15.2,0,0.635,0.318,0.764,102.5,9,262,0,0,0
2025-09-20,0.0,0.0,0.0,0.0,0.0,15.2,0,0.643,0.321,0.749,103.6,9,263,0,0,0
2025-09-21,0.0,0.0,0.0,0.0,0.0,15.2,0,0.768,0.384,0.88,106.9,9,264,0,0,0
2025-09-22,0.0,0.0,0.0,0.0,0.0,15.2,0,0.81,0.405,0.871,102.1,9,265,0,0,0
2025-09-23,0.0,0.0,0.0,0.0,0.0,15.2,0,0.806,0.403,0.943,100.3,9,266,0,0,0
2025-09-24,0.0,0.0,0.0,0.0,0.0,15.2,0,0.939,0.47,1.006,109.6,9,267,0,0,0
2025-09-25,0.0,0.0,0.0,0.0,0.0,15.2,0,0.943,0.472,1.058,105.4,9,268,0,0,0
2025-09-26,0.0,0.0,0.0,0.0,0.0,15.2,0,1.083,0.542,1.162,114.0,9,269,0,0,0
2025-09-27,0.0,0.0,0.0,0.0,0.0,15.2,0,0.959,0.479,1.048,109.6,9,270,0,0,0
2025-09-28,0.0,0.0,0.0,0.0,0.0,15.2,0,0.977,0.488,1.027,109.9,9,271,0,0,0
2025-09-29,0.0,0.0,0.0,0.0,0.0,15.2,0,0.955,0.477,1.061,112.6,9,272,0,0,0
2025-09-30,8.0,0.0,0.0,8.0,8.0,23.2,2,0.772,0.386,0.934,110.2,9,273,0,0,0
2025-10-01,0.0,8.0,0.0,8.0,8.0,23.2,0,0.815,0.408,0.924,110.3,10,274,1,0,0
2025-10-02,0.0,0.0,8.0,8.0,8.0,23.2,0,0.753,0.376,0.88,108.5,10,275,1,0,0
2025-10-03,0.0,0.0,0.0,0.0,8.0,23.2,0,0.632,0.316,0.714,102.8,10,276,1,0,0
2025-10-04,0.0,0.0,0.0,0.0,8.0,23.2,0,0.595,0.298,0.699,102.4,10,277,1,0,0
2025-10-05,0.0,0.0,0.0,0.0,8.0,23.2,0,0.649,0.325,0.713,100.0,10,278,1,0,0
2025-10-06,0.0,0.0,0.0,0.0,8.0,23.2,0,0.666,0.333,0.737,98.6,10,279,1,0,0
2025-10-07,0.0,0.0,0.0,0.0,0.0,23.2,0,0.785,0.393,0.869,102.1,10,280,1,0,0
2025-10-08,0.0,0.0,0.0,0.0,0.0,23.2,0,0.841,0.421,0.963,102.1,10,281,1,0,0
2025-10-09,0.0,0.0,0.0,0.0,0.0,23.2,0,0.856,0.428,0.959,111.9,10,282,1,0,0
2025-10-10,0.0,0.0,0.0,0.0,0.0,22.2,0,0.979,0.489,1.074,105.8,10,283,1,0,0
2025-10-11,0.0,0.0,0.0,0.0,0.0,8.0,0,1.111,0.556,1.219,110.3,10,284,1,0,0
2025-10-12,0.0,0.0,0.0,0.0,0.0,8.0,0,1.087,0.543,1.223,112.3,10,285,1,0,0
2025-10-13,0.0,0.0,0.0,0.0,0.0,8.0,0,1.046,0.523,1.16,110.5,10,286,1,0,0
2025-10-14,0.0,0.0,0.0,0.0,0.0,8.0,0,0.94,0.47,1.004,107.4,10,287,1,0,0
2025-10-15,0.4,0.0,0.0,0.4,0.4,8.4,1,0.919,0.46,1.038,108.4,10,288,1,0,0
2025-10-16,0.8,0.4,0.0,1.2,1.2,9.2,1,0.836,0.418,0.974,107.5,10,289,1,0,0
2025-10-17,0.0,0.8,0.4,1.2,1.2,9.2,0,0.75,0.375,0.817,105.3,10,290,1,0,0
2025-10-18,0.0,0.0,0.8,0.8,1.2,9.2,0,0.61,0.305,0.682,95.4,10,291,1,0,0
2025-10-19,0.0,0.0,0.0,0.0,1.2,9.2,0,0.568,0.284,0.645,100.5,10,292,1,0,0
2025-10-20,1.3,0.0,0.0,1.3,2.5,10.5,1,0.656,0.328,0.732,102.1,10,293,1,0,0
2025-10-21,2.6,1.3,0.0,3.9,5.1,13.1,1,0.727,0.364,0.819,103.1,10,294,1,0,0
2025-10-22,3.1,2.6,1.3,7.0,7.8,16.2,1,0.804,0.402,0.936,108.3,10,295,1,0,0
2025-10-23,32.5,3.1,2.6,38.2,39.5,48.7,3,0.926,0.463,1.075,143.2,10,296,1,0,0
2025-10-24,12.0,32.5,3.1,47.6,51.5,60.7,2,0.93,0.465,1.015,143.6,10,297,1,0,0
2025-10-25,0.0,12.0,32.5,44.5,51.5,60.7,0,1.01,0.505,1.064,132.3,10,298,1,0,0
2025-10-26,13.6,0.0,12.0,25.6,65.1,74.3,2,1.049,0.525,1.162,136.1,10,299,1,0,0
2025-10-27,8.0,13.6,0.0,21.6,71.8,82.3,2,0.974,0.487,1.091,135.8,10,300,1,0,0
2025-10-28,2.8,8.0,13.6,24.4,72.0,85.1,1,0.986,0.493,1.09,128.8,10,301,1,0,0
2025-10-29,40.8,2.8,8.0,51.6,109.7,125.9,3,0.851,0.425,0.97,162.1,10,302,1,1,0
2025-10-30,2.5,40.8,2.8,46.1,79.7,120.4,1,0.848,0.424,0.949,139.9,10,303,1,0,0
2025-10-31,0.0,2.5,40.8,43.3,67.7,120.4,0,0.692,0.346,0.768,118.9,10,304,1,0,0
2025-11-01,19.4,0.0,2.5,21.9,87.1,139.8,2,0.721,0.36,0.823,129.1,11,305,1,0,0
2025-11-02,1.4,19.4,0.0,20.8,74.9,141.2,1,0.649,0.325,0.835,120.7,11,306,1,0,0
2025-11-03,0.0,1.4,19.4,20.8,66.9,141.2,0,0.6,0.3,0.707,113.4,11,307,1,0,0
2025-11-04,8.8,0.0,1.4,10.2,72.9,150.0,2,0.76,0.38,0.851,121.6,11,308,1,0,0
2025-11-05,0.0,8.8,0.0,8.8,32.1,150.0,0,0.722,0.361,0.815,111.6,11,309,1,0,0
2025-11-06,14.4,0.0,8.8,23.2,44.0,164.4,2,0.878,0.439,0.997,126.6,11,310,1,0,0
2025-11-07,0.0,14.4,0.0,14.4,44.0,164.4,0,0.957,0.479,1.046,124.7,11,311,1,0,0
2025-11-08,12.4,0.0,14.4,26.8,37.0,176.8,2,0.947,0.473,1.062,122.4,11,312,1,0,0
2025-11-09,16.1,12.4,0.0,28.5,51.7,192.9,2,1.002,0.501,1.111,139.6,11,313,1,0,0
2025-11-10,19.8,16.1,12.4,48.3,71.5,212.7,2,1.045,0.522,1.155,152.5,11,314,1,0,0
2025-11-11,50.4,19.8,16.1,86.3,113.1,263.1,4,1.038,0.519,1.132,184.9,11,315,1,2,1
2025-11-12,3.6,50.4,19.8,73.8,116.7,266.7,1,0.974,0.487,1.1,159.2,11,316,1,1,0
2025-11-13,8.3,3.6,50.4,62.3,110.6,275.0,2,0.879,0.44,0.974,154.3,11,317,1,1,0
2025-11-14,6.6,8.3,3.6,18.5,117.2,281.2,2,0.786,0.393,0.92,128.5,11,318,1,0,0
2025-11-15,1.2,6.6,8.3,16.1,106.0,281.6,1,0.649,0.324,0.73,123.9,11,319,1,0,0
2025-11-16,26.4,1.2,6.6,34.2,116.3,308.0,3,0.673,0.337,0.8,148.7,11,320,1,0,0
2025-11-17,32.8,26.4,1.2,60.4,129.3,340.8,3,0.692,0.346,0.817,157.2,11,321,1,1,0
2025-11-18,1.0,32.8,26.4,60.2,79.9,341.8,1,0.633,0.317,0.706,135.5,11,322,1,0,0
2025-11-19,22.6,1.0,32.8,56.4,98.9,363.1,3,0.669,0.334,0.715,143.1,11,323,1,0,0
2025-11-20,36.0,22.6,1.0,59.6,126.6,396.4,3,0.716,0.358,0.777,156.6,11,324,1,1,0
2025-11-21,49.3,36.0,22.6,107.8,169.2,442.6,3,0.822,0.411,0.956,198.3,11,325,1,2,1
2025-11-22,6.0,49.3,36.0,91.2,174.0,416.2,2,0.906,0.453,1.07,173.7,11,326,1,2,1
2025-11-23,3.9,6.0,49.3,59.2,151.5,408.0,1,1.066,0.533,1.122,158.0,11,327,1,2,1
2025-11-24,2.6,3.9,6.0,12.5,121.4,410.6,1,0.965,0.483,1.076,135.2,11,328,1,2,1
2025-11-25,1.3,2.6,3.9,7.8,121.6,398.4,1,1.047,0.523,1.173,130.6,11,329,1,2,1
2025-11-26,0.0,1.3,2.6,3.9,99.0,390.4,0,1.097,0.549,1.16,126.6,11,330,1,0,0
2025-11-27,11.5,0.0,1.3,12.8,74.6,399.0,2,0.921,0.46,1.021,127.6,11,331,1,0,0
2025-11-28,0.0,11.5,0.0,11.5,25.3,358.2,0,0.914,0.457,0.993,117.5,11,332,1,0,0
2025-11-29,6.0,0.0,11.5,17.5,25.3,361.8,2,0.75,0.375,0.843,109.2,11,333,1,0,0
2025-11-30,0.0,6.0,0.0,6.0,21.4,361.8,0,0.76,0.38,0.852,105.4,11,334,1,0,0
2025-12-01,2.4,0.0,6.0,8.4,21.2,344.7,1,0.7,0.7,0.0,106.7,12,335,1,0,0
2025-12-02,0.0,2.4,0.0,2.4,19.9,343.3,0,0.9,0.51,0.78,110.3,12,336,1,0,0
2025-12-03,26.4,0.0,2.4,28.8,46.3,369.7,3,1.09,0.605,0.97,137.6,12,337,1,0,0
2025-12-04,5.8,26.4,0.0,32.2,40.6,366.7,2,1.23,0.68,1.1,140.9,12,338,1,0,0
2025-12-05,10.2,5.8,26.4,42.4,50.8,376.9,2,1.31,0.72,1.18,145.3,12,339,1,0,0
2025-12-06,33.6,10.2,5.8,49.6,78.4,396.2,3,1.32,0.72,1.2,165.2,12,340,1,1,0
2025-12-07,0.0,33.6,10.2,43.8,78.4,396.2,0,1.27,0.685,1.17,142.2,12,341,1,0,0
2025-12-08,0.0,0.0,33.6,33.6,76.0,383.8,0,0.995,0.497,1.095,132.9,12,342,1,0,0
2025-12-09,0.0,0.0,0.0,0.0,76.0,367.6,0,1.16,1.16,0.0,129.2,12,343,1,0,0
2025-12-10,9.0,0.0,0.0,9.0,58.6,356.8,2,0.99,0.99,0.0,128.1,12,344,1,0,0
2025-12-11,2.1,9.0,0.0,11.1,54.9,308.6,1,0.77,0.55,0.44,121.8,12,345,1,0,0
2025-12-12,1.2,2.1,9.0,12.3,45.9,306.2,1,0.53,0.48,0.1,106.5,12,346,1,0,0
2025-12-13,15.2,1.2,2.1,18.5,27.5,313.0,2,0.55,0.41,0.28,110.3,12,347,1,0,0
2025-12-14,0.0,15.2,1.2,16.4,27.5,306.4,0,0.64,0.64,0.0,112.5,12,348,1,0,0
2025-12-15,0.0,0.0,15.2,15.2,27.5,305.2,0,0.72,0.295,0.85,111.6,12,349,1,0,0
2025-12-16,0.4,0.0,0.0,0.4,27.9,279.2,1,0.8,0.8,0.0,107.9,12,350,1,0,0
2025-12-17,0.0,0.4,0.0,0.4,18.9,246.4,0,0.88,0.88,0.0,107.2,12,351,1,0,0
2025-12-18,1.8,0.0,0.4,2.2,18.6,247.2,1,0.95,0.95,0.0,119.0,12,352,1,0,0
2025-12-19,3.6,1.8,0.0,5.4,21.0,228.2,1,1.01,1.01,0.0,118.0,12,353,1,0,0
2025-12-20,3.5,3.6,1.8,8.9,9.3,195.8,1,1.05,1.05,0.0,119.5,12,354,1,0,0
2025-12-21,19.0,3.5,3.6,26.1,28.3,165.5,2,1.05,1.05,0.0,133.5,12,355,1,0,0
2025-12-22,91.3,19.0,3.5,113.8,119.6,250.8,4,1.03,1.03,0.0,209.4,12,356,1,2,1
2025-12-23,2.0,91.3,19.0,112.3,121.2,248.9,1,1.016,0.508,1.111,179.8,12,357,1,2,1
2025-12-24,0.0,2.0,91.3,93.3,121.2,246.3,0,0.97,0.97,0.0,149.1,12,358,1,2,1
2025-12-25,0.0,0.0,2.0,2.0,119.4,245.0,0,0.87,0.87,0.0,128.4,12,359,1,0,0
2025-12-26,0.0,0.0,0.0,0.0,115.8,245.0,0,0.73,0.73,0.0,117.4,12,360,1,0,0
2025-12-27,2.6,0.0,0.0,2.6,114.8,236.0,1,0.54,0.45,0.18,117.6,12,361,1,0,0
2025-12-28,5.1,2.6,0.0,7.6,100.9,241.2,2,0.49,0.39,0.2,111.9,12,362,1,0,0
2025-12-29,1.8,5.1,2.6,9.4,11.4,237.0,1,0.67,0.315,0.71,103.8,12,363,1,0,0
2025-12-30,0.0,1.8,5.1,6.9,9.4,237.0,0,0.86,0.385,0.95,110.7,12,364,1,0,0
2025-12-31,0.8,0.0,1.8,2.6,10.2,235.4,1,1.03,0.5,1.06,114.3,12,365,1,0,0
